system:time_start,precipitationCal
"Jul 1, 2020",0
"Jul 1, 2020",0
"Jul 1, 2020",0
"Jul 1, 2020",0
"Jul 1, 2020",0
"Jul 1, 2020",0
"Jul 1, 2020",0
"Jul 1, 2020",0
"Jul 1, 2020",0
"Jul 1, 2020",0
"Jul 1, 2020",0
"Jul 1, 2020",0.001
"Jul 1, 2020",0.002
"Jul 1, 2020",0.006
"Jul 1, 2020",0.011
"Jul 1, 2020",0.025
"Jul 1, 2020",0.027
"Jul 1, 2020",0.034
"Jul 1, 2020",0.031
"Jul 1, 2020",0.052
"Jul 1, 2020",0.11
"Jul 1, 2020",0.129
"Jul 1, 2020",0.129
"Jul 1, 2020",0.128
"Jul 1, 2020",0.145
"Jul 1, 2020",0.149
"Jul 1, 2020",0.162
"Jul 1, 2020",0.037
"Jul 1, 2020",0.041
"Jul 1, 2020",0.182
"Jul 1, 2020",0.045
"Jul 1, 2020",0.049
"Jul 1, 2020",0.045
"Jul 1, 2020",0.042
"Jul 1, 2020",0.029
"Jul 1, 2020",0.02
"Jul 1, 2020",0
"Jul 1, 2020",0
"Jul 1, 2020",0
"Jul 1, 2020",0.023
"Jul 1, 2020",0
"Jul 1, 2020",0
"Jul 1, 2020",0
"Jul 1, 2020",0
"Jul 1, 2020",0
"Jul 1, 2020",0.024
"Jul 1, 2020",0
"Jul 1, 2020",0
"Jul 2, 2020",0
"Jul 2, 2020",0.001
"Jul 2, 2020",0
"Jul 2, 2020",0
"Jul 2, 2020",0.003
"Jul 2, 2020",0.003
"Jul 2, 2020",0.002
"Jul 2, 2020",0.002
"Jul 2, 2020",0.001
"Jul 2, 2020",0.001
"Jul 2, 2020",0.002
"Jul 2, 2020",0.002
"Jul 2, 2020",0.001
"Jul 2, 2020",0.002
"Jul 2, 2020",0.003
"Jul 2, 2020",0.004
"Jul 2, 2020",0
"Jul 2, 2020",0.001
"Jul 2, 2020",0.002
"Jul 2, 2020",0.003
"Jul 2, 2020",0.006
"Jul 2, 2020",0.009
"Jul 2, 2020",0.009
"Jul 2, 2020",0.04
"Jul 2, 2020",0.058
"Jul 2, 2020",0.125
"Jul 2, 2020",0.199
"Jul 2, 2020",0.184
"Jul 2, 2020",0.107
"Jul 2, 2020",0.069
"Jul 2, 2020",0.032
"Jul 2, 2020",0.019
"Jul 2, 2020",0
"Jul 2, 2020",0
"Jul 2, 2020",0
"Jul 2, 2020",0
"Jul 2, 2020",0
"Jul 2, 2020",0
"Jul 2, 2020",0.004
"Jul 2, 2020",0
"Jul 2, 2020",0.002
"Jul 2, 2020",0.002
"Jul 2, 2020",0.002
"Jul 2, 2020",0.001
"Jul 2, 2020",0.001
"Jul 2, 2020",0.001
"Jul 2, 2020",0.001
"Jul 2, 2020",0
"Jul 3, 2020",0
"Jul 3, 2020",0
"Jul 3, 2020",0
"Jul 3, 2020",0
"Jul 3, 2020",0
"Jul 3, 2020",0
"Jul 3, 2020",0
"Jul 3, 2020",0
"Jul 3, 2020",0
"Jul 3, 2020",0.001
"Jul 3, 2020",0.001
"Jul 3, 2020",0
"Jul 3, 2020",0.001
"Jul 3, 2020",0.001
"Jul 3, 2020",0.013
"Jul 3, 2020",0.014
"Jul 3, 2020",0.007
"Jul 3, 2020",0
"Jul 3, 2020",0.003
"Jul 3, 2020",0.007
"Jul 3, 2020",0.017
"Jul 3, 2020",0.038
"Jul 3, 2020",0.049
"Jul 3, 2020",0.028
"Jul 3, 2020",0.021
"Jul 3, 2020",0.001
"Jul 3, 2020",0.013
"Jul 3, 2020",0.012
"Jul 3, 2020",0.069
"Jul 3, 2020",0.233
"Jul 3, 2020",0.026
"Jul 3, 2020",0.008
"Jul 3, 2020",0.007
"Jul 3, 2020",0.021
"Jul 3, 2020",0.015
"Jul 3, 2020",0.011
"Jul 3, 2020",0
"Jul 3, 2020",0
"Jul 3, 2020",0.113
"Jul 3, 2020",0.002
"Jul 3, 2020",0
"Jul 3, 2020",0
"Jul 3, 2020",0
"Jul 3, 2020",0
"Jul 3, 2020",0
"Jul 3, 2020",0
"Jul 3, 2020",0.001
"Jul 3, 2020",0.002
"Jul 4, 2020",0.001
"Jul 4, 2020",0.001
"Jul 4, 2020",0
"Jul 4, 2020",0.008
"Jul 4, 2020",0.01
"Jul 4, 2020",0.008
"Jul 4, 2020",0.013
"Jul 4, 2020",0.018
"Jul 4, 2020",0.031
"Jul 4, 2020",0.033
"Jul 4, 2020",0.033
"Jul 4, 2020",0.02
"Jul 4, 2020",0.015
"Jul 4, 2020",0.012
"Jul 4, 2020",0.012
"Jul 4, 2020",0.017
"Jul 4, 2020",0.017
"Jul 4, 2020",0.178
"Jul 4, 2020",0.177
"Jul 4, 2020",0.109
"Jul 4, 2020",0.083
"Jul 4, 2020",0.054
"Jul 4, 2020",0.034
"Jul 4, 2020",0.026
"Jul 4, 2020",0.037
"Jul 4, 2020",0.034
"Jul 4, 2020",0.38
"Jul 4, 2020",0.375
"Jul 4, 2020",0.236
"Jul 4, 2020",0.162
"Jul 4, 2020",0.094
"Jul 4, 2020",0.052
"Jul 4, 2020",0.048
"Jul 4, 2020",0.034
"Jul 4, 2020",0.034
"Jul 4, 2020",0.05
"Jul 4, 2020",0.018
"Jul 4, 2020",0.201
"Jul 4, 2020",0.605
"Jul 4, 2020",0.479
"Jul 4, 2020",0.313
"Jul 4, 2020",0.318
"Jul 4, 2020",0.318
"Jul 4, 2020",0.249
"Jul 4, 2020",0.156
"Jul 4, 2020",0.109
"Jul 4, 2020",0.078
"Jul 4, 2020",0.073
"Jul 5, 2020",0.089
"Jul 5, 2020",0.14
"Jul 5, 2020",0.137
"Jul 5, 2020",0.137
"Jul 5, 2020",0.084
"Jul 5, 2020",0.063
"Jul 5, 2020",0.044
"Jul 5, 2020",0.033
"Jul 5, 2020",0.032
"Jul 5, 2020",0.075
"Jul 5, 2020",0.131
"Jul 5, 2020",0.161
"Jul 5, 2020",0.273
"Jul 5, 2020",0.279
"Jul 5, 2020",0.269
"Jul 5, 2020",0.259
"Jul 5, 2020",0.265
"Jul 5, 2020",0.177
"Jul 5, 2020",0.135
"Jul 5, 2020",0.084
"Jul 5, 2020",0.052
"Jul 5, 2020",0.025
"Jul 5, 2020",0.016
"Jul 5, 2020",0.019
"Jul 5, 2020",0.018
"Jul 5, 2020",0.018
"Jul 5, 2020",0.011
"Jul 5, 2020",0.007
"Jul 5, 2020",0.004
"Jul 5, 2020",0.002
"Jul 5, 2020",0.001
"Jul 5, 2020",0
"Jul 5, 2020",0
"Jul 5, 2020",0
"Jul 5, 2020",0
"Jul 5, 2020",0
"Jul 5, 2020",0
"Jul 5, 2020",0
"Jul 5, 2020",0
"Jul 5, 2020",0
"Jul 5, 2020",0.001
"Jul 5, 2020",0
"Jul 5, 2020",0.013
"Jul 5, 2020",0
"Jul 5, 2020",0
"Jul 5, 2020",0
"Jul 5, 2020",0.135
"Jul 5, 2020",0.091
"Jul 6, 2020",0.019
"Jul 6, 2020",0
"Jul 6, 2020",0
"Jul 6, 2020",0
"Jul 6, 2020",0
"Jul 6, 2020",0
"Jul 6, 2020",0
"Jul 6, 2020",0
"Jul 6, 2020",0.003
"Jul 6, 2020",0.003
"Jul 6, 2020",0.003
"Jul 6, 2020",0.002
"Jul 6, 2020",0.002
"Jul 6, 2020",0.004
"Jul 6, 2020",0.008
"Jul 6, 2020",0.016
"Jul 6, 2020",0.017
"Jul 6, 2020",0
"Jul 6, 2020",0.001
"Jul 6, 2020",0.002
"Jul 6, 2020",0.005
"Jul 6, 2020",0.011
"Jul 6, 2020",0.013
"Jul 6, 2020",0.019
"Jul 6, 2020",0.025
"Jul 6, 2020",0.034
"Jul 6, 2020",0.059
"Jul 6, 2020",0.149
"Jul 6, 2020",0.42
"Jul 6, 2020",0.576
"Jul 6, 2020",0.649
"Jul 6, 2020",0.671
"Jul 6, 2020",0.52
"Jul 6, 2020",0.371
"Jul 6, 2020",0.261
"Jul 6, 2020",0.242
"Jul 6, 2020",0.141
"Jul 6, 2020",0.091
"Jul 6, 2020",0.043
"Jul 6, 2020",0.027
"Jul 6, 2020",0.109
"Jul 6, 2020",0.13
"Jul 6, 2020",0.004
"Jul 6, 2020",0.004
"Jul 6, 2020",0.002
"Jul 6, 2020",0.002
"Jul 6, 2020",0.001
"Jul 6, 2020",0.001
"Jul 7, 2020",0
"Jul 7, 2020",0
"Jul 7, 2020",0
"Jul 7, 2020",0
"Jul 7, 2020",0
"Jul 7, 2020",0
"Jul 7, 2020",0
"Jul 7, 2020",0
"Jul 7, 2020",0
"Jul 7, 2020",0
"Jul 7, 2020",0
"Jul 7, 2020",0.008
"Jul 7, 2020",0.012
"Jul 7, 2020",0.025
"Jul 7, 2020",0.026
"Jul 7, 2020",0.028
"Jul 7, 2020",2.051
"Jul 7, 2020",1.978
"Jul 7, 2020",1.216
"Jul 7, 2020",0.835
"Jul 7, 2020",0.568
"Jul 7, 2020",0.484
"Jul 7, 2020",0.223
"Jul 7, 2020",0.305
"Jul 7, 2020",0.414
"Jul 7, 2020",0.351
"Jul 7, 2020",0.194
"Jul 7, 2020",0.179
"Jul 7, 2020",0.029
"Jul 7, 2020",0.022
"Jul 7, 2020",0.013
"Jul 7, 2020",0.012
"Jul 7, 2020",0.005
"Jul 7, 2020",0.005
"Jul 7, 2020",0.003
"Jul 7, 2020",0.002
"Jul 7, 2020",0.001
"Jul 7, 2020",0.001
"Jul 7, 2020",0
"Jul 7, 2020",0
"Jul 7, 2020",0
"Jul 7, 2020",0
"Jul 7, 2020",0.006
"Jul 7, 2020",0.006
"Jul 7, 2020",0.004
"Jul 7, 2020",0.003
"Jul 7, 2020",0.003
"Jul 7, 2020",0.002
"Jul 8, 2020",0.002
"Jul 8, 2020",0.001
"Jul 8, 2020",0.001
"Jul 8, 2020",0.003
"Jul 8, 2020",0.013
"Jul 8, 2020",0.028
"Jul 8, 2020",0.048
"Jul 8, 2020",0.065
"Jul 8, 2020",0.107
"Jul 8, 2020",0.109
"Jul 8, 2020",0.114
"Jul 8, 2020",0.087
"Jul 8, 2020",0.136
"Jul 8, 2020",0.246
"Jul 8, 2020",0.619
"Jul 8, 2020",0.717
"Jul 8, 2020",1.233
"Jul 8, 2020",1.065
"Jul 8, 2020",0.938
"Jul 8, 2020",1.301
"Jul 8, 2020",0.53
"Jul 8, 2020",0.245
"Jul 8, 2020",0.229
"Jul 8, 2020",0.208
"Jul 8, 2020",0.207
"Jul 8, 2020",0.151
"Jul 8, 2020",0.357
"Jul 8, 2020",0.452
"Jul 8, 2020",0.38
"Jul 8, 2020",0.223
"Jul 8, 2020",0.141
"Jul 8, 2020",0.083
"Jul 8, 2020",0
"Jul 8, 2020",0.001
"Jul 8, 2020",0.001
"Jul 8, 2020",0.062
"Jul 8, 2020",0.082
"Jul 8, 2020",0.052
"Jul 8, 2020",0
"Jul 8, 2020",0
"Jul 8, 2020",0.082
"Jul 8, 2020",0.081
"Jul 8, 2020",0.05
"Jul 8, 2020",0.041
"Jul 8, 2020",0.026
"Jul 8, 2020",0.015
"Jul 8, 2020",0.006
"Jul 8, 2020",0.004
"Jul 9, 2020",0.003
"Jul 9, 2020",0.016
"Jul 9, 2020",0
"Jul 9, 2020",0
"Jul 9, 2020",0
"Jul 9, 2020",0
"Jul 9, 2020",0
"Jul 9, 2020",0
"Jul 9, 2020",0
"Jul 9, 2020",0
"Jul 9, 2020",0
"Jul 9, 2020",0.002
"Jul 9, 2020",0.005
"Jul 9, 2020",0.041
"Jul 9, 2020",0.036
"Jul 9, 2020",0.028
"Jul 9, 2020",0.029
"Jul 9, 2020",0.058
"Jul 9, 2020",0.09
"Jul 9, 2020",0.094
"Jul 9, 2020",0.181
"Jul 9, 2020",0.259
"Jul 9, 2020",0.347
"Jul 9, 2020",0.466
"Jul 9, 2020",0.439
"Jul 9, 2020",0.43
"Jul 9, 2020",0.424
"Jul 9, 2020",0.926
"Jul 9, 2020",0.872
"Jul 9, 2020",1.307
"Jul 9, 2020",0.973
"Jul 9, 2020",0.333
"Jul 9, 2020",0.138
"Jul 9, 2020",0.009
"Jul 9, 2020",0.009
"Jul 9, 2020",0.169
"Jul 9, 2020",0.375
"Jul 9, 2020",0.257
"Jul 9, 2020",0.002
"Jul 9, 2020",0.001
"Jul 9, 2020",0.001
"Jul 9, 2020",0.001
"Jul 9, 2020",0.002
"Jul 9, 2020",0.031
"Jul 9, 2020",0.188
"Jul 9, 2020",0.041
"Jul 9, 2020",0.038
"Jul 9, 2020",0.041
"Jul 10, 2020",0.046
"Jul 10, 2020",0.049
"Jul 10, 2020",0.106
"Jul 10, 2020",0.06
"Jul 10, 2020",0.069
"Jul 10, 2020",0.066
"Jul 10, 2020",0.094
"Jul 10, 2020",0.166
"Jul 10, 2020",0.062
"Jul 10, 2020",0.014
"Jul 10, 2020",0.006
"Jul 10, 2020",0.005
"Jul 10, 2020",0.004
"Jul 10, 2020",0.003
"Jul 10, 2020",0.005
"Jul 10, 2020",0.005
"Jul 10, 2020",0
"Jul 10, 2020",0.001
"Jul 10, 2020",0.001
"Jul 10, 2020",0.003
"Jul 10, 2020",0.007
"Jul 10, 2020",0.009
"Jul 10, 2020",0.054
"Jul 10, 2020",0.047
"Jul 10, 2020",0.091
"Jul 10, 2020",0.028
"Jul 10, 2020",0.011
"Jul 10, 2020",0.011
"Jul 10, 2020",0.006
"Jul 10, 2020",0.004
"Jul 10, 2020",0.002
"Jul 10, 2020",0.001
"Jul 10, 2020",0
"Jul 10, 2020",0
"Jul 10, 2020",0
"Jul 10, 2020",0
"Jul 10, 2020",0
"Jul 10, 2020",0
"Jul 10, 2020",0
"Jul 10, 2020",0
"Jul 10, 2020",0
"Jul 10, 2020",0
"Jul 10, 2020",0
"Jul 10, 2020",0
"Jul 10, 2020",0
"Jul 10, 2020",0
"Jul 10, 2020",0.001
"Jul 10, 2020",0.066
"Jul 11, 2020",0.066
"Jul 11, 2020",0.041
"Jul 11, 2020",0.027
"Jul 11, 2020",0.002
"Jul 11, 2020",0.002
"Jul 11, 2020",0.001
"Jul 11, 2020",0.001
"Jul 11, 2020",0.001
"Jul 11, 2020",0
"Jul 11, 2020",0
"Jul 11, 2020",0
"Jul 11, 2020",0
"Jul 11, 2020",0
"Jul 11, 2020",0
"Jul 11, 2020",0
"Jul 11, 2020",0
"Jul 11, 2020",0
"Jul 11, 2020",0.001
"Jul 11, 2020",0.001
"Jul 11, 2020",0.001
"Jul 11, 2020",0.001
"Jul 11, 2020",0.001
"Jul 11, 2020",0.001
"Jul 11, 2020",0
"Jul 11, 2020",0
"Jul 11, 2020",0
"Jul 11, 2020",0.006
"Jul 11, 2020",0.007
"Jul 11, 2020",0.004
"Jul 11, 2020",0.005
"Jul 11, 2020",0.009
"Jul 11, 2020",0.012
"Jul 11, 2020",0.013
"Jul 11, 2020",0
"Jul 11, 2020",0
"Jul 11, 2020",0
"Jul 11, 2020",0
"Jul 11, 2020",0
"Jul 11, 2020",0
"Jul 11, 2020",0
"Jul 11, 2020",0
"Jul 11, 2020",0.015
"Jul 11, 2020",0.001
"Jul 11, 2020",0.001
"Jul 11, 2020",0
"Jul 11, 2020",0
"Jul 11, 2020",0
"Jul 11, 2020",0
"Jul 12, 2020",0
"Jul 12, 2020",0
"Jul 12, 2020",0
"Jul 12, 2020",0
"Jul 12, 2020",0
"Jul 12, 2020",0
"Jul 12, 2020",0
"Jul 12, 2020",0
"Jul 12, 2020",0
"Jul 12, 2020",0
"Jul 12, 2020",0
"Jul 12, 2020",0
"Jul 12, 2020",0
"Jul 12, 2020",0
"Jul 12, 2020",0
"Jul 12, 2020",0
"Jul 12, 2020",0.005
"Jul 12, 2020",0.005
"Jul 12, 2020",0.003
"Jul 12, 2020",0.002
"Jul 12, 2020",0.001
"Jul 12, 2020",0.004
"Jul 12, 2020",0.159
"Jul 12, 2020",0.073
"Jul 12, 2020",0
"Jul 12, 2020",0
"Jul 12, 2020",0
"Jul 12, 2020",0
"Jul 12, 2020",0.14
"Jul 12, 2020",0.049
"Jul 12, 2020",0.009
"Jul 12, 2020",0
"Jul 12, 2020",0
"Jul 12, 2020",0
"Jul 12, 2020",0
"Jul 12, 2020",0
"Jul 12, 2020",0.001
"Jul 12, 2020",0
"Jul 12, 2020",0.033
"Jul 12, 2020",0
"Jul 12, 2020",0
"Jul 12, 2020",0
"Jul 12, 2020",0
"Jul 12, 2020",0
"Jul 12, 2020",0.036
"Jul 12, 2020",0.249
"Jul 12, 2020",0.944
"Jul 12, 2020",0.967
"Jul 13, 2020",0.594
"Jul 13, 2020",0
"Jul 13, 2020",0
"Jul 13, 2020",0
"Jul 13, 2020",0.289
"Jul 13, 2020",0.778
"Jul 13, 2020",0.753
"Jul 13, 2020",0
"Jul 13, 2020",0
"Jul 13, 2020",0
"Jul 13, 2020",0.001
"Jul 13, 2020",0.002
"Jul 13, 2020",0.005
"Jul 13, 2020",0.013
"Jul 13, 2020",0.001
"Jul 13, 2020",0.001
"Jul 13, 2020",0.06
"Jul 13, 2020",0.061
"Jul 13, 2020",0.084
"Jul 13, 2020",0.163
"Jul 13, 2020",0.195
"Jul 13, 2020",0.141
"Jul 13, 2020",0.238
"Jul 13, 2020",0.483
"Jul 13, 2020",0.264
"Jul 13, 2020",0.263
"Jul 13, 2020",0.249
"Jul 13, 2020",0.173
"Jul 13, 2020",0.136
"Jul 13, 2020",0.169
"Jul 13, 2020",0.077
"Jul 13, 2020",0.055
"Jul 13, 2020",0.03
"Jul 13, 2020",0.006
"Jul 13, 2020",0.006
"Jul 13, 2020",0.004
"Jul 13, 2020",0.003
"Jul 13, 2020",0.4
"Jul 13, 2020",0.054
"Jul 13, 2020",0.721
"Jul 13, 2020",0.026
"Jul 13, 2020",0.171
"Jul 13, 2020",0.171
"Jul 13, 2020",0.105
"Jul 13, 2020",0.083
"Jul 13, 2020",0.051
"Jul 13, 2020",0.116
"Jul 13, 2020",0.158
"Jul 14, 2020",0.003
"Jul 14, 2020",0.003
"Jul 14, 2020",0
"Jul 14, 2020",0
"Jul 14, 2020",0.017
"Jul 14, 2020",0
"Jul 14, 2020",0
"Jul 14, 2020",0
"Jul 14, 2020",0
"Jul 14, 2020",0
"Jul 14, 2020",0
"Jul 14, 2020",0
"Jul 14, 2020",0
"Jul 14, 2020",0
"Jul 14, 2020",0.001
"Jul 14, 2020",0.35
"Jul 14, 2020",0
"Jul 14, 2020",0
"Jul 14, 2020",0.003
"Jul 14, 2020",0.038
"Jul 14, 2020",0.569
"Jul 14, 2020",0.032
"Jul 14, 2020",0.041
"Jul 14, 2020",0.081
"Jul 14, 2020",0.116
"Jul 14, 2020",0.112
"Jul 14, 2020",0.965
"Jul 14, 2020",1.461
"Jul 14, 2020",0.069
"Jul 14, 2020",0.055
"Jul 14, 2020",0.081
"Jul 14, 2020",0.267
"Jul 14, 2020",0.11
"Jul 14, 2020",0.135
"Jul 14, 2020",0.135
"Jul 14, 2020",0.419
"Jul 14, 2020",1.191
"Jul 14, 2020",0.567
"Jul 14, 2020",0.139
"Jul 14, 2020",0.094
"Jul 14, 2020",0.095
"Jul 14, 2020",0.164
"Jul 14, 2020",0.197
"Jul 14, 2020",0.197
"Jul 14, 2020",0.138
"Jul 14, 2020",0.089
"Jul 14, 2020",0.043
"Jul 14, 2020",0
"Jul 15, 2020",0
"Jul 15, 2020",0
"Jul 15, 2020",0
"Jul 15, 2020",0
"Jul 15, 2020",0
"Jul 15, 2020",0
"Jul 15, 2020",0.002
"Jul 15, 2020",0.002
"Jul 15, 2020",0.013
"Jul 15, 2020",0.013
"Jul 15, 2020",0.015
"Jul 15, 2020",0.014
"Jul 15, 2020",0.211
"Jul 15, 2020",0.148
"Jul 15, 2020",0.084
"Jul 15, 2020",0.163
"Jul 15, 2020",0.172
"Jul 15, 2020",0.173
"Jul 15, 2020",0.699
"Jul 15, 2020",0.554
"Jul 15, 2020",0.416
"Jul 15, 2020",0.196
"Jul 15, 2020",0.2
"Jul 15, 2020",0.125
"Jul 15, 2020",0.025
"Jul 15, 2020",0.025
"Jul 15, 2020",0.017
"Jul 15, 2020",0.024
"Jul 15, 2020",0.042
"Jul 15, 2020",0.073
"Jul 15, 2020",0.104
"Jul 15, 2020",0.173
"Jul 15, 2020",0.176
"Jul 15, 2020",0.17
"Jul 15, 2020",0.132
"Jul 15, 2020",0.088
"Jul 15, 2020",0.119
"Jul 15, 2020",0.287
"Jul 15, 2020",0.023
"Jul 15, 2020",0.009
"Jul 15, 2020",0.246
"Jul 15, 2020",0.052
"Jul 15, 2020",0.052
"Jul 15, 2020",0.032
"Jul 15, 2020",0.024
"Jul 15, 2020",0.019
"Jul 15, 2020",0.051
"Jul 15, 2020",0.006
"Jul 16, 2020",0.173
"Jul 16, 2020",0.166
"Jul 16, 2020",0.048
"Jul 16, 2020",0.019
"Jul 16, 2020",0.045
"Jul 16, 2020",0.074
"Jul 16, 2020",0.068
"Jul 16, 2020",0.068
"Jul 16, 2020",0.039
"Jul 16, 2020",0.017
"Jul 16, 2020",0.02
"Jul 16, 2020",0.016
"Jul 16, 2020",0.021
"Jul 16, 2020",0.061
"Jul 16, 2020",0.048
"Jul 16, 2020",0.052
"Jul 16, 2020",0.063
"Jul 16, 2020",0.074
"Jul 16, 2020",0.101
"Jul 16, 2020",0.1
"Jul 16, 2020",0.186
"Jul 16, 2020",0.246
"Jul 16, 2020",0.146
"Jul 16, 2020",0.011
"Jul 16, 2020",0.022
"Jul 16, 2020",0.026
"Jul 16, 2020",0.053
"Jul 16, 2020",0.079
"Jul 16, 2020",0.074
"Jul 16, 2020",0.043
"Jul 16, 2020",0.027
"Jul 16, 2020",0.013
"Jul 16, 2020",0.008
"Jul 16, 2020",0
"Jul 16, 2020",0
"Jul 16, 2020",0
"Jul 16, 2020",0
"Jul 16, 2020",0
"Jul 16, 2020",0
"Jul 16, 2020",0
"Jul 16, 2020",0
"Jul 16, 2020",0
"Jul 16, 2020",0
"Jul 16, 2020",0
"Jul 16, 2020",0
"Jul 16, 2020",0
"Jul 16, 2020",0
"Jul 16, 2020",0
"Jul 17, 2020",0
"Jul 17, 2020",0
"Jul 17, 2020",0
"Jul 17, 2020",0
"Jul 17, 2020",0
"Jul 17, 2020",0
"Jul 17, 2020",0
"Jul 17, 2020",0
"Jul 17, 2020",0
"Jul 17, 2020",0
"Jul 17, 2020",0
"Jul 17, 2020",0
"Jul 17, 2020",0
"Jul 17, 2020",0
"Jul 17, 2020",0
"Jul 17, 2020",0
"Jul 17, 2020",0
"Jul 17, 2020",0.004
"Jul 17, 2020",0.007
"Jul 17, 2020",0.018
"Jul 17, 2020",0.041
"Jul 17, 2020",0.055
"Jul 17, 2020",0.127
"Jul 17, 2020",0.223
"Jul 17, 2020",0.162
"Jul 17, 2020",0.131
"Jul 17, 2020",0.034
"Jul 17, 2020",0.002
"Jul 17, 2020",0.003
"Jul 17, 2020",0.002
"Jul 17, 2020",0.002
"Jul 17, 2020",0.003
"Jul 17, 2020",0.004
"Jul 17, 2020",0.004
"Jul 17, 2020",0.002
"Jul 17, 2020",0.002
"Jul 17, 2020",0.001
"Jul 17, 2020",0.001
"Jul 17, 2020",0.001
"Jul 17, 2020",0
"Jul 17, 2020",0
"Jul 17, 2020",0
"Jul 17, 2020",0.001
"Jul 17, 2020",0.002
"Jul 17, 2020",0.006
"Jul 17, 2020",0.014
"Jul 17, 2020",0.018
"Jul 17, 2020",0.017
"Jul 18, 2020",0
"Jul 18, 2020",0
"Jul 18, 2020",0
"Jul 18, 2020",0
"Jul 18, 2020",0
"Jul 18, 2020",0.001
"Jul 18, 2020",0.002
"Jul 18, 2020",0.001
"Jul 18, 2020",0.001
"Jul 18, 2020",0
"Jul 18, 2020",0
"Jul 18, 2020",0
"Jul 18, 2020",0
"Jul 18, 2020",0
"Jul 18, 2020",0
"Jul 18, 2020",0
"Jul 18, 2020",0
"Jul 18, 2020",0.144
"Jul 18, 2020",0.121
"Jul 18, 2020",0.065
"Jul 18, 2020",0.057
"Jul 18, 2020",0.001
"Jul 18, 2020",0.006
"Jul 18, 2020",0.007
"Jul 18, 2020",0.006
"Jul 18, 2020",0.009
"Jul 18, 2020",0.011
"Jul 18, 2020",0.009
"Jul 18, 2020",0.005
"Jul 18, 2020",0.003
"Jul 18, 2020",0.002
"Jul 18, 2020",0
"Jul 18, 2020",0
"Jul 18, 2020",0
"Jul 18, 2020",0
"Jul 18, 2020",0
"Jul 18, 2020",0
"Jul 18, 2020",0
"Jul 18, 2020",0
"Jul 18, 2020",0
"Jul 18, 2020",0.002
"Jul 18, 2020",0.002
"Jul 18, 2020",0.002
"Jul 18, 2020",0.002
"Jul 18, 2020",0.003
"Jul 18, 2020",0.006
"Jul 18, 2020",0.007
"Jul 18, 2020",0.001
"Jul 19, 2020",0
"Jul 19, 2020",0
"Jul 19, 2020",0.001
"Jul 19, 2020",0.001
"Jul 19, 2020",0.001
"Jul 19, 2020",0.001
"Jul 19, 2020",0
"Jul 19, 2020",0
"Jul 19, 2020",0
"Jul 19, 2020",0
"Jul 19, 2020",0
"Jul 19, 2020",0
"Jul 19, 2020",0.001
"Jul 19, 2020",0.002
"Jul 19, 2020",0.003
"Jul 19, 2020",0.004
"Jul 19, 2020",0.007
"Jul 19, 2020",0.007
"Jul 19, 2020",0.007
"Jul 19, 2020",0.005
"Jul 19, 2020",0.007
"Jul 19, 2020",0.012
"Jul 19, 2020",0.018
"Jul 19, 2020",0.017
"Jul 19, 2020",0.019
"Jul 19, 2020",0.016
"Jul 19, 2020",0.021
"Jul 19, 2020",0.02
"Jul 19, 2020",0.604
"Jul 19, 2020",0.782
"Jul 19, 2020",0.952
"Jul 19, 2020",0.008
"Jul 19, 2020",0.012
"Jul 19, 2020",0.012
"Jul 19, 2020",0.181
"Jul 19, 2020",0.103
"Jul 19, 2020",0.494
"Jul 19, 2020",0.326
"Jul 19, 2020",0.105
"Jul 19, 2020",0.019
"Jul 19, 2020",0
"Jul 19, 2020",0
"Jul 19, 2020",0
"Jul 19, 2020",0
"Jul 19, 2020",0.092
"Jul 19, 2020",0.266
"Jul 19, 2020",0.008
"Jul 19, 2020",0.012
"Jul 20, 2020",0.012
"Jul 20, 2020",0.013
"Jul 20, 2020",0.021
"Jul 20, 2020",0.027
"Jul 20, 2020",0.027
"Jul 20, 2020",0.017
"Jul 20, 2020",0.013
"Jul 20, 2020",0.009
"Jul 20, 2020",0.003
"Jul 20, 2020",0
"Jul 20, 2020",0
"Jul 20, 2020",0
"Jul 20, 2020",0
"Jul 20, 2020",0
"Jul 20, 2020",0
"Jul 20, 2020",0
"Jul 20, 2020",0
"Jul 20, 2020",0.027
"Jul 20, 2020",0.027
"Jul 20, 2020",0.092
"Jul 20, 2020",0.302
"Jul 20, 2020",0.217
"Jul 20, 2020",0.28
"Jul 20, 2020",0.239
"Jul 20, 2020",0.038
"Jul 20, 2020",0.038
"Jul 20, 2020",0.038
"Jul 20, 2020",0.04
"Jul 20, 2020",0.016
"Jul 20, 2020",0.106
"Jul 20, 2020",0.071
"Jul 20, 2020",0.002
"Jul 20, 2020",0
"Jul 20, 2020",0
"Jul 20, 2020",0
"Jul 20, 2020",0.119
"Jul 20, 2020",0.024
"Jul 20, 2020",0.02
"Jul 20, 2020",0.036
"Jul 20, 2020",0.052
"Jul 20, 2020",0.144
"Jul 20, 2020",0.146
"Jul 20, 2020",0.147
"Jul 20, 2020",0.11
"Jul 20, 2020",0.196
"Jul 20, 2020",0.11
"Jul 20, 2020",0.256
"Jul 20, 2020",0.122
"Jul 21, 2020",0.344
"Jul 21, 2020",0.18
"Jul 21, 2020",0.181
"Jul 21, 2020",0.134
"Jul 21, 2020",0.07
"Jul 21, 2020",0.07
"Jul 21, 2020",0.126
"Jul 21, 2020",0.242
"Jul 21, 2020",0.013
"Jul 21, 2020",0
"Jul 21, 2020",0
"Jul 21, 2020",0.091
"Jul 21, 2020",0.139
"Jul 21, 2020",0
"Jul 21, 2020",0
"Jul 21, 2020",0
"Jul 21, 2020",0.003
"Jul 21, 2020",0.002
"Jul 21, 2020",0.034
"Jul 21, 2020",0.032
"Jul 21, 2020",0.086
"Jul 21, 2020",0.352
"Jul 21, 2020",0.337
"Jul 21, 2020",0.345
"Jul 21, 2020",0.982
"Jul 21, 2020",1.57
"Jul 21, 2020",1.565
"Jul 21, 2020",1.969
"Jul 21, 2020",2.347
"Jul 21, 2020",1
"Jul 21, 2020",0.934
"Jul 21, 2020",0.756
"Jul 21, 2020",0.02
"Jul 21, 2020",0
"Jul 21, 2020",0
"Jul 21, 2020",0.068
"Jul 21, 2020",0.233
"Jul 21, 2020",0.052
"Jul 21, 2020",0.001
"Jul 21, 2020",0.067
"Jul 21, 2020",0
"Jul 21, 2020",0
"Jul 21, 2020",0
"Jul 21, 2020",0
"Jul 21, 2020",0
"Jul 21, 2020",0
"Jul 21, 2020",0
"Jul 21, 2020",0
"Jul 22, 2020",0
"Jul 22, 2020",0
"Jul 22, 2020",0
"Jul 22, 2020",0
"Jul 22, 2020",0
"Jul 22, 2020",0
"Jul 22, 2020",0.107
"Jul 22, 2020",0.008
"Jul 22, 2020",0
"Jul 22, 2020",0
"Jul 22, 2020",0
"Jul 22, 2020",0.008
"Jul 22, 2020",0.194
"Jul 22, 2020",0.11
"Jul 22, 2020",0.146
"Jul 22, 2020",0.175
"Jul 22, 2020",0.204
"Jul 22, 2020",0.024
"Jul 22, 2020",0.023
"Jul 22, 2020",0.03
"Jul 22, 2020",0.019
"Jul 22, 2020",0.019
"Jul 22, 2020",0.018
"Jul 22, 2020",0.077
"Jul 22, 2020",0.132
"Jul 22, 2020",0.033
"Jul 22, 2020",0.033
"Jul 22, 2020",0.293
"Jul 22, 2020",0.449
"Jul 22, 2020",0.312
"Jul 22, 2020",0.057
"Jul 22, 2020",0.002
"Jul 22, 2020",0.001
"Jul 22, 2020",0.001
"Jul 22, 2020",0.885
"Jul 22, 2020",0.948
"Jul 22, 2020",2.536
"Jul 22, 2020",0.339
"Jul 22, 2020",0.475
"Jul 22, 2020",0
"Jul 22, 2020",0
"Jul 22, 2020",0.004
"Jul 22, 2020",0
"Jul 22, 2020",0
"Jul 22, 2020",0
"Jul 22, 2020",0
"Jul 22, 2020",0.001
"Jul 22, 2020",0.002
"Jul 23, 2020",0.001
"Jul 23, 2020",0.001
"Jul 23, 2020",0
"Jul 23, 2020",0
"Jul 23, 2020",0
"Jul 23, 2020",0
"Jul 23, 2020",0
"Jul 23, 2020",0
"Jul 23, 2020",0
"Jul 23, 2020",0
"Jul 23, 2020",0
"Jul 23, 2020",0
"Jul 23, 2020",0.012
"Jul 23, 2020",0.015
"Jul 23, 2020",0.019
"Jul 23, 2020",0.032
"Jul 23, 2020",0
"Jul 23, 2020",0.067
"Jul 23, 2020",0.125
"Jul 23, 2020",0.332
"Jul 23, 2020",0.715
"Jul 23, 2020",1.442
"Jul 23, 2020",1.683
"Jul 23, 2020",2.444
"Jul 23, 2020",3.462
"Jul 23, 2020",3.155
"Jul 23, 2020",3.002
"Jul 23, 2020",2.512
"Jul 23, 2020",3.748
"Jul 23, 2020",4.553
"Jul 23, 2020",5.817
"Jul 23, 2020",7.233
"Jul 23, 2020",6.326
"Jul 23, 2020",5.245
"Jul 23, 2020",5.245
"Jul 23, 2020",3.245
"Jul 23, 2020",2.735
"Jul 23, 2020",2.163
"Jul 23, 2020",1.45
"Jul 23, 2020",2.653
"Jul 23, 2020",3.488
"Jul 23, 2020",3.465
"Jul 23, 2020",2.966
"Jul 23, 2020",2.949
"Jul 23, 2020",2.969
"Jul 23, 2020",1.917
"Jul 23, 2020",0.919
"Jul 23, 2020",0.471
"Jul 24, 2020",0.319
"Jul 24, 2020",0.213
"Jul 24, 2020",0.152
"Jul 24, 2020",0.144
"Jul 24, 2020",0.086
"Jul 24, 2020",0.062
"Jul 24, 2020",0.041
"Jul 24, 2020",0.044
"Jul 24, 2020",0.032
"Jul 24, 2020",0.035
"Jul 24, 2020",0.022
"Jul 24, 2020",0.03
"Jul 24, 2020",0.041
"Jul 24, 2020",0.087
"Jul 24, 2020",0.032
"Jul 24, 2020",0.032
"Jul 24, 2020",0.342
"Jul 24, 2020",0.389
"Jul 24, 2020",0.539
"Jul 24, 2020",1.171
"Jul 24, 2020",2.461
"Jul 24, 2020",3.497
"Jul 24, 2020",3.544
"Jul 24, 2020",4.07
"Jul 24, 2020",3.491
"Jul 24, 2020",2.054
"Jul 24, 2020",1.853
"Jul 24, 2020",0.442
"Jul 24, 2020",0.482
"Jul 24, 2020",0.374
"Jul 24, 2020",0.428
"Jul 24, 2020",0.649
"Jul 24, 2020",0.618
"Jul 24, 2020",0.618
"Jul 24, 2020",0.379
"Jul 24, 2020",0.275
"Jul 24, 2020",0.183
"Jul 24, 2020",0.118
"Jul 24, 2020",0.046
"Jul 24, 2020",0.013
"Jul 24, 2020",0.004
"Jul 24, 2020",0.004
"Jul 24, 2020",0.002
"Jul 24, 2020",0.002
"Jul 24, 2020",0.001
"Jul 24, 2020",0.001
"Jul 24, 2020",0
"Jul 24, 2020",0.001
"Jul 25, 2020",0.003
"Jul 25, 2020",0.026
"Jul 25, 2020",0.04
"Jul 25, 2020",0.088
"Jul 25, 2020",0.142
"Jul 25, 2020",0.142
"Jul 25, 2020",0.088
"Jul 25, 2020",0.07
"Jul 25, 2020",0.026
"Jul 25, 2020",0
"Jul 25, 2020",0
"Jul 25, 2020",0
"Jul 25, 2020",0
"Jul 25, 2020",0
"Jul 25, 2020",0
"Jul 25, 2020",0
"Jul 25, 2020",0
"Jul 25, 2020",0.018
"Jul 25, 2020",0.037
"Jul 25, 2020",0.174
"Jul 25, 2020",0.088
"Jul 25, 2020",0.132
"Jul 25, 2020",0.59
"Jul 25, 2020",1.202
"Jul 25, 2020",0.916
"Jul 25, 2020",0.774
"Jul 25, 2020",0.319
"Jul 25, 2020",0.32
"Jul 25, 2020",0.221
"Jul 25, 2020",0.209
"Jul 25, 2020",0.222
"Jul 25, 2020",0.333
"Jul 25, 2020",0.334
"Jul 25, 2020",0.472
"Jul 25, 2020",0.47
"Jul 25, 2020",0.604
"Jul 25, 2020",0.439
"Jul 25, 2020",0.319
"Jul 25, 2020",0.24
"Jul 25, 2020",0.116
"Jul 25, 2020",0.006
"Jul 25, 2020",0
"Jul 25, 2020",0
"Jul 25, 2020",0
"Jul 25, 2020",0
"Jul 25, 2020",0
"Jul 25, 2020",0
"Jul 25, 2020",0
"Jul 26, 2020",0
"Jul 26, 2020",0
"Jul 26, 2020",0
"Jul 26, 2020",0
"Jul 26, 2020",0
"Jul 26, 2020",0
"Jul 26, 2020",0
"Jul 26, 2020",0
"Jul 26, 2020",0
"Jul 26, 2020",0
"Jul 26, 2020",0
"Jul 26, 2020",0
"Jul 26, 2020",0
"Jul 26, 2020",0
"Jul 26, 2020",0
"Jul 26, 2020",0
"Jul 26, 2020",0
"Jul 26, 2020",0.001
"Jul 26, 2020",0.002
"Jul 26, 2020",0.004
"Jul 26, 2020",0.006
"Jul 26, 2020",0.336
"Jul 26, 2020",0.037
"Jul 26, 2020",0.032
"Jul 26, 2020",0.018
"Jul 26, 2020",0.018
"Jul 26, 2020",0.006
"Jul 26, 2020",0.006
"Jul 26, 2020",0.102
"Jul 26, 2020",0.047
"Jul 26, 2020",0.11
"Jul 26, 2020",0.001
"Jul 26, 2020",0
"Jul 26, 2020",0
"Jul 26, 2020",0
"Jul 26, 2020",0
"Jul 26, 2020",0
"Jul 26, 2020",0
"Jul 26, 2020",0
"Jul 26, 2020",0
"Jul 26, 2020",0
"Jul 26, 2020",0
"Jul 26, 2020",0
"Jul 26, 2020",0
"Jul 26, 2020",0
"Jul 26, 2020",0
"Jul 26, 2020",0
"Jul 26, 2020",0
"Jul 27, 2020",0
"Jul 27, 2020",0
"Jul 27, 2020",0
"Jul 27, 2020",0
"Jul 27, 2020",0
"Jul 27, 2020",0
"Jul 27, 2020",0
"Jul 27, 2020",0
"Jul 27, 2020",0
"Jul 27, 2020",0
"Jul 27, 2020",0
"Jul 27, 2020",0
"Jul 27, 2020",0
"Jul 27, 2020",0
"Jul 27, 2020",0
"Jul 27, 2020",0
"Jul 27, 2020",0
"Jul 27, 2020",0
"Jul 27, 2020",0
"Jul 27, 2020",0
"Jul 27, 2020",0
"Jul 27, 2020",0
"Jul 27, 2020",0
"Jul 27, 2020",0
"Jul 27, 2020",0
"Jul 27, 2020",0
"Jul 27, 2020",0
"Jul 27, 2020",0
"Jul 27, 2020",0
"Jul 27, 2020",0
"Jul 27, 2020",0
"Jul 27, 2020",0
"Jul 27, 2020",0
"Jul 27, 2020",0
"Jul 27, 2020",0
"Jul 27, 2020",0.013
"Jul 27, 2020",0.005
"Jul 27, 2020",0.004
"Jul 27, 2020",0
"Jul 27, 2020",0
"Jul 27, 2020",0
"Jul 27, 2020",0
"Jul 27, 2020",0
"Jul 27, 2020",0
"Jul 27, 2020",0
"Jul 27, 2020",0
"Jul 27, 2020",0
"Jul 27, 2020",0
"Jul 28, 2020",0
"Jul 28, 2020",0
"Jul 28, 2020",0
"Jul 28, 2020",0
"Jul 28, 2020",0
"Jul 28, 2020",0
"Jul 28, 2020",0
"Jul 28, 2020",0
"Jul 28, 2020",0
"Jul 28, 2020",0
"Jul 28, 2020",0
"Jul 28, 2020",0
"Jul 28, 2020",0
"Jul 28, 2020",0
"Jul 28, 2020",0
"Jul 28, 2020",0
"Jul 28, 2020",0
"Jul 28, 2020",0
"Jul 28, 2020",0
"Jul 28, 2020",0
"Jul 28, 2020",0
"Jul 28, 2020",0
"Jul 28, 2020",0
"Jul 28, 2020",0
"Jul 28, 2020",0
"Jul 28, 2020",0
"Jul 28, 2020",0
"Jul 28, 2020",0.086
"Jul 28, 2020",0.434
"Jul 28, 2020",1.75
"Jul 28, 2020",2.657
"Jul 28, 2020",2.15
"Jul 28, 2020",0.136
"Jul 28, 2020",0.137
"Jul 28, 2020",0.137
"Jul 28, 2020",0.097
"Jul 28, 2020",0.193
"Jul 28, 2020",0.113
"Jul 28, 2020",0.027
"Jul 28, 2020",0.012
"Jul 28, 2020",0.002
"Jul 28, 2020",0
"Jul 28, 2020",0
"Jul 28, 2020",0.157
"Jul 28, 2020",0
"Jul 28, 2020",0.006
"Jul 28, 2020",0.012
"Jul 28, 2020",0
"Jul 29, 2020",0
"Jul 29, 2020",0
"Jul 29, 2020",0.155
"Jul 29, 2020",0.088
"Jul 29, 2020",0.059
"Jul 29, 2020",0.069
"Jul 29, 2020",0.032
"Jul 29, 2020",0
"Jul 29, 2020",0
"Jul 29, 2020",0
"Jul 29, 2020",0.352
"Jul 29, 2020",0.184
"Jul 29, 2020",0.086
"Jul 29, 2020",0.295
"Jul 29, 2020",0
"Jul 29, 2020",0
"Jul 29, 2020",0.08
"Jul 29, 2020",0.079
"Jul 29, 2020",0.789
"Jul 29, 2020",1.013
"Jul 29, 2020",0.381
"Jul 29, 2020",0.165
"Jul 29, 2020",0.045
"Jul 29, 2020",0.043
"Jul 29, 2020",0.026
"Jul 29, 2020",0.011
"Jul 29, 2020",0.011
"Jul 29, 2020",0.338
"Jul 29, 2020",0.015
"Jul 29, 2020",0.15
"Jul 29, 2020",0.043
"Jul 29, 2020",0
"Jul 29, 2020",0
"Jul 29, 2020",0
"Jul 29, 2020",0.142
"Jul 29, 2020",0.304
"Jul 29, 2020",0.043
"Jul 29, 2020",0
"Jul 29, 2020",0
"Jul 29, 2020",0
"Jul 29, 2020",0
"Jul 29, 2020",0.007
"Jul 29, 2020",0.007
"Jul 29, 2020",0.004
"Jul 29, 2020",0.033
"Jul 29, 2020",0.402
"Jul 29, 2020",0.443
"Jul 29, 2020",0.399
"Jul 30, 2020",0.09
"Jul 30, 2020",0
"Jul 30, 2020",0
"Jul 30, 2020",0
"Jul 30, 2020",0
"Jul 30, 2020",0
"Jul 30, 2020",0
"Jul 30, 2020",0
"Jul 30, 2020",0
"Jul 30, 2020",0
"Jul 30, 2020",0
"Jul 30, 2020",0
"Jul 30, 2020",0
"Jul 30, 2020",0
"Jul 30, 2020",0
"Jul 30, 2020",0
"Jul 30, 2020",0
"Jul 30, 2020",0
"Jul 30, 2020",0.034
"Jul 30, 2020",0.068
"Jul 30, 2020",0.18
"Jul 30, 2020",0.402
"Jul 30, 2020",0.583
"Jul 30, 2020",0.635
"Jul 30, 2020",0.662
"Jul 30, 2020",0.672
"Jul 30, 2020",0.404
"Jul 30, 2020",0.024
"Jul 30, 2020",0.017
"Jul 30, 2020",0.036
"Jul 30, 2020",0.007
"Jul 30, 2020",0
"Jul 30, 2020",0
"Jul 30, 2020",0
"Jul 30, 2020",0
"Jul 30, 2020",0.25
"Jul 30, 2020",0.26
"Jul 30, 2020",0
"Jul 30, 2020",0
"Jul 30, 2020",0
"Jul 30, 2020",0
"Jul 30, 2020",0
"Jul 30, 2020",0
"Jul 30, 2020",0
"Jul 30, 2020",0
"Jul 30, 2020",0.001
"Jul 30, 2020",0
"Jul 30, 2020",0
"Jul 31, 2020",0
"Jul 31, 2020",0
"Jul 31, 2020",0
"Jul 31, 2020",0
"Jul 31, 2020",0
"Jul 31, 2020",0
"Jul 31, 2020",0
"Jul 31, 2020",0
"Jul 31, 2020",0
"Jul 31, 2020",0
"Jul 31, 2020",0
"Jul 31, 2020",0.002
"Jul 31, 2020",0.003
"Jul 31, 2020",0.011
"Jul 31, 2020",0.024
"Jul 31, 2020",0.051
"Jul 31, 2020",0.06
"Jul 31, 2020",0.209
"Jul 31, 2020",0.283
"Jul 31, 2020",0.522
"Jul 31, 2020",0.874
"Jul 31, 2020",1.01
"Jul 31, 2020",1.525
"Jul 31, 2020",1.316
"Jul 31, 2020",1.037
"Jul 31, 2020",0.771
"Jul 31, 2020",0.638
"Jul 31, 2020",0.214
"Jul 31, 2020",0.378
"Jul 31, 2020",1.75
"Jul 31, 2020",2.353
"Jul 31, 2020",1.061
"Jul 31, 2020",1.252
"Jul 31, 2020",1.25
"Jul 31, 2020",2.371
"Jul 31, 2020",0.549
"Jul 31, 2020",0.809
"Jul 31, 2020",0.286
"Jul 31, 2020",0.105
"Jul 31, 2020",0.104
"Jul 31, 2020",0
"Jul 31, 2020",0
"Jul 31, 2020",0
"Jul 31, 2020",0.002
"Jul 31, 2020",0
"Jul 31, 2020",0
"Jul 31, 2020",0
"Jul 31, 2020",0
"Aug 1, 2020",0
"Aug 1, 2020",0
"Aug 1, 2020",0
"Aug 1, 2020",0
"Aug 1, 2020",0
"Aug 1, 2020",0
"Aug 1, 2020",0
"Aug 1, 2020",0
"Aug 1, 2020",0
"Aug 1, 2020",0
"Aug 1, 2020",0
"Aug 1, 2020",0
"Aug 1, 2020",0
"Aug 1, 2020",0
"Aug 1, 2020",0
"Aug 1, 2020",0
"Aug 1, 2020",0
"Aug 1, 2020",0
"Aug 1, 2020",0
"Aug 1, 2020",0
"Aug 1, 2020",0.004
"Aug 1, 2020",0.006
"Aug 1, 2020",0.004
"Aug 1, 2020",0.002
"Aug 1, 2020",0.001
"Aug 1, 2020",0.001
"Aug 1, 2020",0
"Aug 1, 2020",0
"Aug 1, 2020",0.006
"Aug 1, 2020",0.003
"Aug 1, 2020",0.001
"Aug 1, 2020",0
"Aug 1, 2020",0
"Aug 1, 2020",0
"Aug 1, 2020",0
"Aug 1, 2020",0
"Aug 1, 2020",0
"Aug 1, 2020",0
"Aug 1, 2020",0
"Aug 1, 2020",0
"Aug 1, 2020",0
"Aug 1, 2020",0
"Aug 1, 2020",0
"Aug 1, 2020",0
"Aug 1, 2020",0
"Aug 1, 2020",0
"Aug 1, 2020",0
"Aug 1, 2020",0
"Aug 2, 2020",0
"Aug 2, 2020",0
"Aug 2, 2020",0
"Aug 2, 2020",0
"Aug 2, 2020",0
"Aug 2, 2020",0
"Aug 2, 2020",0
"Aug 2, 2020",0
"Aug 2, 2020",0
"Aug 2, 2020",0
"Aug 2, 2020",0
"Aug 2, 2020",0.001
"Aug 2, 2020",0.001
"Aug 2, 2020",0.002
"Aug 2, 2020",0.004
"Aug 2, 2020",0.008
"Aug 2, 2020",0.008
"Aug 2, 2020",0.056
"Aug 2, 2020",0.08
"Aug 2, 2020",0.14
"Aug 2, 2020",0.119
"Aug 2, 2020",0.096
"Aug 2, 2020",0.058
"Aug 2, 2020",0.015
"Aug 2, 2020",0.016
"Aug 2, 2020",0.017
"Aug 2, 2020",0.018
"Aug 2, 2020",0.019
"Aug 2, 2020",0.013
"Aug 2, 2020",0.095
"Aug 2, 2020",0.018
"Aug 2, 2020",0.024
"Aug 2, 2020",0.038
"Aug 2, 2020",0.039
"Aug 2, 2020",0.039
"Aug 2, 2020",0.074
"Aug 2, 2020",0.154
"Aug 2, 2020",0.012
"Aug 2, 2020",0.007
"Aug 2, 2020",0.004
"Aug 2, 2020",0.001
"Aug 2, 2020",0
"Aug 2, 2020",0
"Aug 2, 2020",0.011
"Aug 2, 2020",0.014
"Aug 2, 2020",0
"Aug 2, 2020",0
"Aug 2, 2020",0
"Aug 3, 2020",0
"Aug 3, 2020",0
"Aug 3, 2020",0
"Aug 3, 2020",0
"Aug 3, 2020",0
"Aug 3, 2020",0.009
"Aug 3, 2020",0.043
"Aug 3, 2020",0.056
"Aug 3, 2020",0.026
"Aug 3, 2020",0.003
"Aug 3, 2020",0
"Aug 3, 2020",0
"Aug 3, 2020",0.114
"Aug 3, 2020",0.005
"Aug 3, 2020",0.006
"Aug 3, 2020",0.01
"Aug 3, 2020",0
"Aug 3, 2020",0.002
"Aug 3, 2020",0.058
"Aug 3, 2020",0.061
"Aug 3, 2020",0.131
"Aug 3, 2020",0.281
"Aug 3, 2020",0.368
"Aug 3, 2020",0.345
"Aug 3, 2020",0.23
"Aug 3, 2020",0.296
"Aug 3, 2020",0.281
"Aug 3, 2020",0.261
"Aug 3, 2020",0.153
"Aug 3, 2020",0.109
"Aug 3, 2020",0.081
"Aug 3, 2020",0.094
"Aug 3, 2020",0.09
"Aug 3, 2020",0.09
"Aug 3, 2020",0.07
"Aug 3, 2020",0.062
"Aug 3, 2020",0.052
"Aug 3, 2020",0.18
"Aug 3, 2020",0.333
"Aug 3, 2020",1.002
"Aug 3, 2020",3.303
"Aug 3, 2020",3.316
"Aug 3, 2020",3.096
"Aug 3, 2020",2.987
"Aug 3, 2020",2.744
"Aug 3, 2020",2.462
"Aug 3, 2020",2.466
"Aug 3, 2020",2.468
"Aug 4, 2020",2.473
"Aug 4, 2020",2.473
"Aug 4, 2020",1.672
"Aug 4, 2020",1.014
"Aug 4, 2020",1.014
"Aug 4, 2020",0.593
"Aug 4, 2020",0.443
"Aug 4, 2020",0.29
"Aug 4, 2020",0.804
"Aug 4, 2020",0.789
"Aug 4, 2020",0.789
"Aug 4, 2020",0.487
"Aug 4, 2020",0.349
"Aug 4, 2020",0.214
"Aug 4, 2020",0.921
"Aug 4, 2020",0.934
"Aug 4, 2020",2.005
"Aug 4, 2020",2.419
"Aug 4, 2020",2.405
"Aug 4, 2020",1.488
"Aug 4, 2020",1.196
"Aug 4, 2020",0.896
"Aug 4, 2020",0.456
"Aug 4, 2020",0.383
"Aug 4, 2020",0.233
"Aug 4, 2020",0.325
"Aug 4, 2020",0.319
"Aug 4, 2020",0.367
"Aug 4, 2020",0.306
"Aug 4, 2020",0.385
"Aug 4, 2020",0.604
"Aug 4, 2020",0.648
"Aug 4, 2020",1.39
"Aug 4, 2020",2.091
"Aug 4, 2020",2.087
"Aug 4, 2020",1.294
"Aug 4, 2020",0.938
"Aug 4, 2020",0.684
"Aug 4, 2020",0.637
"Aug 4, 2020",0.755
"Aug 4, 2020",1.443
"Aug 4, 2020",1.455
"Aug 4, 2020",1.467
"Aug 4, 2020",1.467
"Aug 4, 2020",0.988
"Aug 4, 2020",0.681
"Aug 4, 2020",1.193
"Aug 4, 2020",1.134
"Aug 5, 2020",1.145
"Aug 5, 2020",0.676
"Aug 5, 2020",1.352
"Aug 5, 2020",1.986
"Aug 5, 2020",1.941
"Aug 5, 2020",1.469
"Aug 5, 2020",1.603
"Aug 5, 2020",2.368
"Aug 5, 2020",2.447
"Aug 5, 2020",2.002
"Aug 5, 2020",1.582
"Aug 5, 2020",1.635
"Aug 5, 2020",1.139
"Aug 5, 2020",1.18
"Aug 5, 2020",1.41
"Aug 5, 2020",2.169
"Aug 5, 2020",2.22
"Aug 5, 2020",2.75
"Aug 5, 2020",2.727
"Aug 5, 2020",1.597
"Aug 5, 2020",1.171
"Aug 5, 2020",0.695
"Aug 5, 2020",0.322
"Aug 5, 2020",0.16
"Aug 5, 2020",0.068
"Aug 5, 2020",0.073
"Aug 5, 2020",0.058
"Aug 5, 2020",0.051
"Aug 5, 2020",0.175
"Aug 5, 2020",0.533
"Aug 5, 2020",0.492
"Aug 5, 2020",0.162
"Aug 5, 2020",0.173
"Aug 5, 2020",0.172
"Aug 5, 2020",0.257
"Aug 5, 2020",0.574
"Aug 5, 2020",0.441
"Aug 5, 2020",1.092
"Aug 5, 2020",0.162
"Aug 5, 2020",0.16
"Aug 5, 2020",0.061
"Aug 5, 2020",0.061
"Aug 5, 2020",0.17
"Aug 5, 2020",0.289
"Aug 5, 2020",0.289
"Aug 5, 2020",0.169
"Aug 5, 2020",0.127
"Aug 5, 2020",0.083
"Aug 6, 2020",0.048
"Aug 6, 2020",0.032
"Aug 6, 2020",0.017
"Aug 6, 2020",0.026
"Aug 6, 2020",0.084
"Aug 6, 2020",0.14
"Aug 6, 2020",0.225
"Aug 6, 2020",0.31
"Aug 6, 2020",0.497
"Aug 6, 2020",0.497
"Aug 6, 2020",0.488
"Aug 6, 2020",0.785
"Aug 6, 2020",0.342
"Aug 6, 2020",0.296
"Aug 6, 2020",0.394
"Aug 6, 2020",0.385
"Aug 6, 2020",0.363
"Aug 6, 2020",0.209
"Aug 6, 2020",0.138
"Aug 6, 2020",0.078
"Aug 6, 2020",0.046
"Aug 6, 2020",0.05
"Aug 6, 2020",0.029
"Aug 6, 2020",0.015
"Aug 6, 2020",0.01
"Aug 6, 2020",0
"Aug 6, 2020",0
"Aug 6, 2020",0
"Aug 6, 2020",0
"Aug 6, 2020",0
"Aug 6, 2020",0
"Aug 6, 2020",0
"Aug 6, 2020",0
"Aug 6, 2020",0
"Aug 6, 2020",0
"Aug 6, 2020",0
"Aug 6, 2020",0
"Aug 6, 2020",0
"Aug 6, 2020",0
"Aug 6, 2020",0
"Aug 6, 2020",0
"Aug 6, 2020",0
"Aug 6, 2020",0
"Aug 6, 2020",0
"Aug 6, 2020",0
"Aug 6, 2020",0
"Aug 6, 2020",0
"Aug 6, 2020",0
"Aug 7, 2020",0
"Aug 7, 2020",0
"Aug 7, 2020",0
"Aug 7, 2020",0
"Aug 7, 2020",0
"Aug 7, 2020",0
"Aug 7, 2020",0
"Aug 7, 2020",0
"Aug 7, 2020",0
"Aug 7, 2020",0
"Aug 7, 2020",0
"Aug 7, 2020",0
"Aug 7, 2020",0
"Aug 7, 2020",0
"Aug 7, 2020",0
"Aug 7, 2020",0
"Aug 7, 2020",0.011
"Aug 7, 2020",0
"Aug 7, 2020",0
"Aug 7, 2020",0
"Aug 7, 2020",0
"Aug 7, 2020",0
"Aug 7, 2020",0
"Aug 7, 2020",0
"Aug 7, 2020",0
"Aug 7, 2020",0
"Aug 7, 2020",0
"Aug 7, 2020",0
"Aug 7, 2020",0
"Aug 7, 2020",0
"Aug 7, 2020",0
"Aug 7, 2020",0
"Aug 7, 2020",0
"Aug 7, 2020",0
"Aug 7, 2020",0
"Aug 7, 2020",0
"Aug 7, 2020",0
"Aug 7, 2020",0
"Aug 7, 2020",0
"Aug 7, 2020",0
"Aug 7, 2020",0
"Aug 7, 2020",0.003
"Aug 7, 2020",0
"Aug 7, 2020",0
"Aug 7, 2020",0
"Aug 7, 2020",0
"Aug 7, 2020",0
"Aug 7, 2020",0
"Aug 8, 2020",0
"Aug 8, 2020",0
"Aug 8, 2020",0
"Aug 8, 2020",0
"Aug 8, 2020",0
"Aug 8, 2020",0
"Aug 8, 2020",0
"Aug 8, 2020",0
"Aug 8, 2020",0
"Aug 8, 2020",0
"Aug 8, 2020",0
"Aug 8, 2020",0
"Aug 8, 2020",0
"Aug 8, 2020",0
"Aug 8, 2020",0
"Aug 8, 2020",0
"Aug 8, 2020",0
"Aug 8, 2020",0
"Aug 8, 2020",0
"Aug 8, 2020",0
"Aug 8, 2020",0
"Aug 8, 2020",0
"Aug 8, 2020",0
"Aug 8, 2020",0
"Aug 8, 2020",0
"Aug 8, 2020",0
"Aug 8, 2020",0
"Aug 8, 2020",0
"Aug 8, 2020",0
"Aug 8, 2020",0
"Aug 8, 2020",0
"Aug 8, 2020",0
"Aug 8, 2020",0
"Aug 8, 2020",0
"Aug 8, 2020",0
"Aug 8, 2020",0
"Aug 8, 2020",0.001
"Aug 8, 2020",0.002
"Aug 8, 2020",0.003
"Aug 8, 2020",0.013
"Aug 8, 2020",0.006
"Aug 8, 2020",0.006
"Aug 8, 2020",0.01
"Aug 8, 2020",0.01
"Aug 8, 2020",0.006
"Aug 8, 2020",0.004
"Aug 8, 2020",0.002
"Aug 8, 2020",0.001
"Aug 9, 2020",0
"Aug 9, 2020",0
"Aug 9, 2020",0
"Aug 9, 2020",0.001
"Aug 9, 2020",0.002
"Aug 9, 2020",0.002
"Aug 9, 2020",0.001
"Aug 9, 2020",0.001
"Aug 9, 2020",0
"Aug 9, 2020",0
"Aug 9, 2020",0
"Aug 9, 2020",0.001
"Aug 9, 2020",0.002
"Aug 9, 2020",0.003
"Aug 9, 2020",0
"Aug 9, 2020",0
"Aug 9, 2020",0.013
"Aug 9, 2020",0
"Aug 9, 2020",0.006
"Aug 9, 2020",0.01
"Aug 9, 2020",0.023
"Aug 9, 2020",0.034
"Aug 9, 2020",0.024
"Aug 9, 2020",0.013
"Aug 9, 2020",0.008
"Aug 9, 2020",0.006
"Aug 9, 2020",0
"Aug 9, 2020",0
"Aug 9, 2020",0
"Aug 9, 2020",0
"Aug 9, 2020",0
"Aug 9, 2020",0
"Aug 9, 2020",0
"Aug 9, 2020",0
"Aug 9, 2020",0
"Aug 9, 2020",0
"Aug 9, 2020",0
"Aug 9, 2020",0
"Aug 9, 2020",0
"Aug 9, 2020",0
"Aug 9, 2020",0.001
"Aug 9, 2020",0.001
"Aug 9, 2020",0.077
"Aug 9, 2020",0.08
"Aug 9, 2020",0.055
"Aug 9, 2020",0.008
"Aug 9, 2020",0.01
"Aug 9, 2020",0.012
"Aug 10, 2020",0.015
"Aug 10, 2020",0.021
"Aug 10, 2020",0.096
"Aug 10, 2020",0.197
"Aug 10, 2020",0.164
"Aug 10, 2020",0.086
"Aug 10, 2020",0.045
"Aug 10, 2020",0.029
"Aug 10, 2020",0.001
"Aug 10, 2020",0.003
"Aug 10, 2020",0.004
"Aug 10, 2020",0.027
"Aug 10, 2020",0.039
"Aug 10, 2020",0.089
"Aug 10, 2020",0.128
"Aug 10, 2020",0.11
"Aug 10, 2020",0.097
"Aug 10, 2020",0.536
"Aug 10, 2020",0.679
"Aug 10, 2020",0.587
"Aug 10, 2020",0.992
"Aug 10, 2020",1.198
"Aug 10, 2020",1.207
"Aug 10, 2020",1.216
"Aug 10, 2020",1.374
"Aug 10, 2020",1.453
"Aug 10, 2020",1.648
"Aug 10, 2020",2.146
"Aug 10, 2020",1.764
"Aug 10, 2020",2.627
"Aug 10, 2020",3.861
"Aug 10, 2020",6.375
"Aug 10, 2020",6.716
"Aug 10, 2020",6.716
"Aug 10, 2020",4.787
"Aug 10, 2020",3.979
"Aug 10, 2020",3.282
"Aug 10, 2020",4.005
"Aug 10, 2020",2.141
"Aug 10, 2020",0.777
"Aug 10, 2020",2.649
"Aug 10, 2020",2.637
"Aug 10, 2020",2.594
"Aug 10, 2020",1.841
"Aug 10, 2020",1.599
"Aug 10, 2020",2.377
"Aug 10, 2020",2.321
"Aug 10, 2020",2.251
